"date","action","entite","utilisateur"
"28/03/2026","LOGIN_SUCCESS","auth","d1c3db65-ccfa-454e-aa7d-dbcf6521d625"
"28/03/2026","LOGIN_SUCCESS","auth","d1c3db65-ccfa-454e-aa7d-dbcf6521d625"
"24/03/2026","LOGIN_SUCCESS","auth","d1c3db65-ccfa-454e-aa7d-dbcf6521d625"
"22/03/2026","LOGIN_SUCCESS","auth","d1c3db65-ccfa-454e-aa7d-dbcf6521d625"
"22/03/2026","LOGIN_SUCCESS","auth","d1c3db65-ccfa-454e-aa7d-dbcf6521d625"
"21/03/2026","LOGIN_SUCCESS","auth","d1c3db65-ccfa-454e-aa7d-dbcf6521d625"
"21/03/2026","LOGIN_SUCCESS","auth","30933737-ccf2-4cf8-9e8d-6811fd8eaf3f"
"21/03/2026","LOGIN_SUCCESS","auth","d1c3db65-ccfa-454e-aa7d-dbcf6521d625"
"21/03/2026","LOGIN_SUCCESS","auth","d1c3db65-ccfa-454e-aa7d-dbcf6521d625"
"21/03/2026","LOGIN_SUCCESS","auth","d1c3db65-ccfa-454e-aa7d-dbcf6521d625"
"21/03/2026","LOGIN_SUCCESS","auth","30933737-ccf2-4cf8-9e8d-6811fd8eaf3f"
"20/03/2026","LOGIN_SUCCESS","auth","d1c3db65-ccfa-454e-aa7d-dbcf6521d625"
"20/03/2026","LOGIN_SUCCESS","auth","30933737-ccf2-4cf8-9e8d-6811fd8eaf3f"
"20/03/2026","LOGIN_SUCCESS","auth","d1c3db65-ccfa-454e-aa7d-dbcf6521d625"
"20/03/2026","LOGIN_SUCCESS","auth","d1c3db65-ccfa-454e-aa7d-dbcf6521d625"
"20/03/2026","LOGIN_SUCCESS","auth","bc59468b-5f55-46b6-a2fc-21e8d7c9865f"
"20/03/2026","CONGE_APPROVED","conge","bc59468b-5f55-46b6-a2fc-21e8d7c9865f"
"20/03/2026","CONGE_CREATED","conge","bc59468b-5f55-46b6-a2fc-21e8d7c9865f"
"20/03/2026","LOGIN_SUCCESS","auth","bc59468b-5f55-46b6-a2fc-21e8d7c9865f"
"20/03/2026","LOGIN_SUCCESS","auth","bc59468b-5f55-46b6-a2fc-21e8d7c9865f"
"20/03/2026","LOGIN_SUCCESS","auth","30933737-ccf2-4cf8-9e8d-6811fd8eaf3f"
"20/03/2026","LOGIN_SUCCESS","auth","d1c3db65-ccfa-454e-aa7d-dbcf6521d625"
"20/03/2026","CONGE_APPROVED","conge","d1c3db65-ccfa-454e-aa7d-dbcf6521d625"
"20/03/2026","LOGIN_SUCCESS","auth","d1c3db65-ccfa-454e-aa7d-dbcf6521d625"
"20/03/2026","LOGIN_SUCCESS","auth","bc59468b-5f55-46b6-a2fc-21e8d7c9865f"
"20/03/2026","CONGE_APPROVED","conge","bc59468b-5f55-46b6-a2fc-21e8d7c9865f"
"20/03/2026","LOGIN_SUCCESS","auth","bc59468b-5f55-46b6-a2fc-21e8d7c9865f"
"20/03/2026","CONGE_CREATED","conge","30933737-ccf2-4cf8-9e8d-6811fd8eaf3f"
"20/03/2026","LOGIN_SUCCESS","auth","30933737-ccf2-4cf8-9e8d-6811fd8eaf3f"
"20/03/2026","LOGIN_SUCCESS","auth","d1c3db65-ccfa-454e-aa7d-dbcf6521d625"
"20/03/2026","LOGIN_SUCCESS","auth","bc59468b-5f55-46b6-a2fc-21e8d7c9865f"
"20/03/2026","ENTREPRISE_UPDATED","entreprise","d1c3db65-ccfa-454e-aa7d-dbcf6521d625"
"20/03/2026","entreprise_updated",,"d1c3db65-ccfa-454e-aa7d-dbcf6521d625"
"20/03/2026","USER_UPDATED","user","d1c3db65-ccfa-454e-aa7d-dbcf6521d625"
"20/03/2026","CONGE_APPROVED","conge","d1c3db65-ccfa-454e-aa7d-dbcf6521d625"
"20/03/2026","LOGIN_SUCCESS","auth","d1c3db65-ccfa-454e-aa7d-dbcf6521d625"
"20/03/2026","CONGE_APPROVED","conge","bc59468b-5f55-46b6-a2fc-21e8d7c9865f"
"20/03/2026","LOGIN_SUCCESS","auth","bc59468b-5f55-46b6-a2fc-21e8d7c9865f"
"20/03/2026","LOGIN_SUCCESS","auth","30933737-ccf2-4cf8-9e8d-6811fd8eaf3f"
"20/03/2026","LOGIN_SUCCESS","auth","bc59468b-5f55-46b6-a2fc-21e8d7c9865f"
"20/03/2026","CONGE_CREATED","conge","30933737-ccf2-4cf8-9e8d-6811fd8eaf3f"
"20/03/2026","LOGIN_SUCCESS","auth","30933737-ccf2-4cf8-9e8d-6811fd8eaf3f"
"20/03/2026","ENTREPRISE_UPDATED","entreprise","d1c3db65-ccfa-454e-aa7d-dbcf6521d625"
"20/03/2026","LOGIN_SUCCESS","auth","d1c3db65-ccfa-454e-aa7d-dbcf6521d625"
"20/03/2026","LOGIN_SUCCESS","auth","30933737-ccf2-4cf8-9e8d-6811fd8eaf3f"
"20/03/2026","CONGE_REJECTED","conge","d1c3db65-ccfa-454e-aa7d-dbcf6521d625"
"20/03/2026","LOGIN_SUCCESS","auth","d1c3db65-ccfa-454e-aa7d-dbcf6521d625"
"20/03/2026","CONGE_APPROVED","conge","bc59468b-5f55-46b6-a2fc-21e8d7c9865f"
"20/03/2026","CONGE_CREATED","conge","bc59468b-5f55-46b6-a2fc-21e8d7c9865f"
"20/03/2026","LOGIN_SUCCESS","auth","bc59468b-5f55-46b6-a2fc-21e8d7c9865f"
"20/03/2026","PASSWORD_RESET_SUCCESS","auth","bc59468b-5f55-46b6-a2fc-21e8d7c9865f"
"20/03/2026","LOGIN_SUCCESS","auth","bc59468b-5f55-46b6-a2fc-21e8d7c9865f"
"20/03/2026","FERIE_DELETED","ferie","d1c3db65-ccfa-454e-aa7d-dbcf6521d625"
"20/03/2026","FERIE_CREATED","ferie","d1c3db65-ccfa-454e-aa7d-dbcf6521d625"
"20/03/2026","CONGE_CREATED","conge","30933737-ccf2-4cf8-9e8d-6811fd8eaf3f"
"20/03/2026","CONGE_CREATED","conge","30933737-ccf2-4cf8-9e8d-6811fd8eaf3f"
"20/03/2026","CONGE_REJECTED","conge","d1c3db65-ccfa-454e-aa7d-dbcf6521d625"
"20/03/2026","CONGE_CREATED","conge","30933737-ccf2-4cf8-9e8d-6811fd8eaf3f"
"20/03/2026","CONGE_APPROVED","conge","bc59468b-5f55-46b6-a2fc-21e8d7c9865f"
"20/03/2026","CONGE_CREATED","conge","bc59468b-5f55-46b6-a2fc-21e8d7c9865f"
"20/03/2026","CONGE_CREATED","conge","30933737-ccf2-4cf8-9e8d-6811fd8eaf3f"
"20/03/2026","FERIE_DELETED","ferie","d1c3db65-ccfa-454e-aa7d-dbcf6521d625"
"20/03/2026","FERIE_CREATED","ferie","d1c3db65-ccfa-454e-aa7d-dbcf6521d625"
"20/03/2026","CONGE_CREATED","conge","bc59468b-5f55-46b6-a2fc-21e8d7c9865f"
"20/03/2026","FERIE_DELETED","ferie","d1c3db65-ccfa-454e-aa7d-dbcf6521d625"
"20/03/2026","FERIE_CREATED","ferie","d1c3db65-ccfa-454e-aa7d-dbcf6521d625"
"20/03/2026","CONGE_CREATED","conge","bc59468b-5f55-46b6-a2fc-21e8d7c9865f"
"20/03/2026","CONGE_APPROVED","conge","d1c3db65-ccfa-454e-aa7d-dbcf6521d625"
"20/03/2026","CONGE_APPROVED","conge","bc59468b-5f55-46b6-a2fc-21e8d7c9865f"
"20/03/2026","CONGE_CREATED","conge","30933737-ccf2-4cf8-9e8d-6811fd8eaf3f"
"20/03/2026","CONGE_REJECTED","conge","d1c3db65-ccfa-454e-aa7d-dbcf6521d625"
"20/03/2026","CONGE_APPROVED","conge","bc59468b-5f55-46b6-a2fc-21e8d7c9865f"
"20/03/2026","CONGE_CREATED","conge","30933737-ccf2-4cf8-9e8d-6811fd8eaf3f"
"20/03/2026","CONGE_REJECTED","conge","bc59468b-5f55-46b6-a2fc-21e8d7c9865f"
"20/03/2026","CONGE_CREATED","conge","30933737-ccf2-4cf8-9e8d-6811fd8eaf3f"
"20/03/2026","CONGE_APPROVED","conge","d1c3db65-ccfa-454e-aa7d-dbcf6521d625"
"20/03/2026","CONGE_APPROVED","conge","bc59468b-5f55-46b6-a2fc-21e8d7c9865f"
"20/03/2026","CONGE_CREATED","conge","30933737-ccf2-4cf8-9e8d-6811fd8eaf3f"
"20/03/2026","CONGE_CREATED","conge","30933737-ccf2-4cf8-9e8d-6811fd8eaf3f"
"20/03/2026","CONGE_CREATED","conge","30933737-ccf2-4cf8-9e8d-6811fd8eaf3f"
"20/03/2026","CONGE_CREATED","conge","30933737-ccf2-4cf8-9e8d-6811fd8eaf3f"
"20/03/2026","USER_UPDATED","user","d1c3db65-ccfa-454e-aa7d-dbcf6521d625"
"20/03/2026","LOGIN_SUCCESS","auth","d1c3db65-ccfa-454e-aa7d-dbcf6521d625"
"20/03/2026","ENTREPRISE_UPDATED","entreprise","d1c3db65-ccfa-454e-aa7d-dbcf6521d625"
"20/03/2026","USER_UPDATED","user","d1c3db65-ccfa-454e-aa7d-dbcf6521d625"
"20/03/2026","USER_UPDATED","user","d1c3db65-ccfa-454e-aa7d-dbcf6521d625"
"20/03/2026","LOGIN_SUCCESS","auth","d1c3db65-ccfa-454e-aa7d-dbcf6521d625"
"19/03/2026","USER_UPDATED","user","d1c3db65-ccfa-454e-aa7d-dbcf6521d625"
"19/03/2026","USER_UPDATED","user","d1c3db65-ccfa-454e-aa7d-dbcf6521d625"
"19/03/2026","USER_UPDATED","user","d1c3db65-ccfa-454e-aa7d-dbcf6521d625"
"19/03/2026","LOGIN_SUCCESS","auth","d1c3db65-ccfa-454e-aa7d-dbcf6521d625"
"19/03/2026","ENTREPRISE_UPDATED","entreprise","d1c3db65-ccfa-454e-aa7d-dbcf6521d625"
"19/03/2026","entreprise_updated",,"d1c3db65-ccfa-454e-aa7d-dbcf6521d625"
"19/03/2026","ENTREPRISE_UPDATED","entreprise","d1c3db65-ccfa-454e-aa7d-dbcf6521d625"
"19/03/2026","USER_UPDATED","user","d1c3db65-ccfa-454e-aa7d-dbcf6521d625"
"19/03/2026","USER_UPDATED","user","d1c3db65-ccfa-454e-aa7d-dbcf6521d625"
"19/03/2026","USER_UPDATED","user","d1c3db65-ccfa-454e-aa7d-dbcf6521d625"
"19/03/2026","USER_UPDATED","user","d1c3db65-ccfa-454e-aa7d-dbcf6521d625"
"19/03/2026","USER_UPDATED","user","d1c3db65-ccfa-454e-aa7d-dbcf6521d625"
"19/03/2026","USER_UPDATED","user","d1c3db65-ccfa-454e-aa7d-dbcf6521d625"
"19/03/2026","USER_UPDATED","user","d1c3db65-ccfa-454e-aa7d-dbcf6521d625"
"19/03/2026","USER_UPDATED","user","d1c3db65-ccfa-454e-aa7d-dbcf6521d625"
"19/03/2026","USER_UPDATED","user","d1c3db65-ccfa-454e-aa7d-dbcf6521d625"
"19/03/2026","USER_UPDATED","user","d1c3db65-ccfa-454e-aa7d-dbcf6521d625"
"19/03/2026","USER_UPDATED","user","d1c3db65-ccfa-454e-aa7d-dbcf6521d625"
"19/03/2026","USER_UPDATED","user","d1c3db65-ccfa-454e-aa7d-dbcf6521d625"
"19/03/2026","USER_UPDATED","user","d1c3db65-ccfa-454e-aa7d-dbcf6521d625"
"19/03/2026","USER_UPDATED","user","d1c3db65-ccfa-454e-aa7d-dbcf6521d625"
"19/03/2026","LOGIN_SUCCESS","auth","d1c3db65-ccfa-454e-aa7d-dbcf6521d625"
"19/03/2026","USER_UPDATED","user","d1c3db65-ccfa-454e-aa7d-dbcf6521d625"
"19/03/2026","USER_UPDATED","user","d1c3db65-ccfa-454e-aa7d-dbcf6521d625"
"19/03/2026","USER_UPDATED","user","d1c3db65-ccfa-454e-aa7d-dbcf6521d625"
"19/03/2026","USER_UPDATED","user","d1c3db65-ccfa-454e-aa7d-dbcf6521d625"
"19/03/2026","USER_UPDATED","user","d1c3db65-ccfa-454e-aa7d-dbcf6521d625"
"19/03/2026","USER_UPDATED","user","d1c3db65-ccfa-454e-aa7d-dbcf6521d625"
"19/03/2026","USER_UPDATED","user","d1c3db65-ccfa-454e-aa7d-dbcf6521d625"
"19/03/2026","USER_UPDATED","user","d1c3db65-ccfa-454e-aa7d-dbcf6521d625"
"19/03/2026","USER_UPDATED","user","d1c3db65-ccfa-454e-aa7d-dbcf6521d625"
"19/03/2026","LOGIN_SUCCESS","auth","d1c3db65-ccfa-454e-aa7d-dbcf6521d625"
"19/03/2026","USER_UPDATED","user","d1c3db65-ccfa-454e-aa7d-dbcf6521d625"
"19/03/2026","USER_UPDATED","user","d1c3db65-ccfa-454e-aa7d-dbcf6521d625"
"19/03/2026","USER_UPDATED","user","d1c3db65-ccfa-454e-aa7d-dbcf6521d625"
"19/03/2026","USER_UPDATED","user","d1c3db65-ccfa-454e-aa7d-dbcf6521d625"
"19/03/2026","USER_UPDATED","user","d1c3db65-ccfa-454e-aa7d-dbcf6521d625"
"19/03/2026","CONGE_APPROVED","conge","d1c3db65-ccfa-454e-aa7d-dbcf6521d625"
"19/03/2026","USER_UPDATED","user","d1c3db65-ccfa-454e-aa7d-dbcf6521d625"
"19/03/2026","USER_UPDATED","user","d1c3db65-ccfa-454e-aa7d-dbcf6521d625"
"19/03/2026","USER_UPDATED","user","d1c3db65-ccfa-454e-aa7d-dbcf6521d625"
"19/03/2026","LOGIN_SUCCESS","auth","d1c3db65-ccfa-454e-aa7d-dbcf6521d625"
"19/03/2026","CONGE_APPROVED","conge","bc59468b-5f55-46b6-a2fc-21e8d7c9865f"
"19/03/2026","LOGIN_SUCCESS","auth","bc59468b-5f55-46b6-a2fc-21e8d7c9865f"
"19/03/2026","CONGE_CREATED","conge","bc59468b-5f55-46b6-a2fc-21e8d7c9865f"
"19/03/2026","LOGIN_SUCCESS","auth","bc59468b-5f55-46b6-a2fc-21e8d7c9865f"
"19/03/2026","USER_UPDATED","user","d1c3db65-ccfa-454e-aa7d-dbcf6521d625"
"19/03/2026","USER_UPDATED","user","d1c3db65-ccfa-454e-aa7d-dbcf6521d625"
"19/03/2026","USER_UPDATED","user","d1c3db65-ccfa-454e-aa7d-dbcf6521d625"
"19/03/2026","USER_UPDATED","user","d1c3db65-ccfa-454e-aa7d-dbcf6521d625"
"19/03/2026","USER_UPDATED","user","d1c3db65-ccfa-454e-aa7d-dbcf6521d625"
"19/03/2026","USER_UPDATED","user","d1c3db65-ccfa-454e-aa7d-dbcf6521d625"
"19/03/2026","USER_UPDATED","user","d1c3db65-ccfa-454e-aa7d-dbcf6521d625"
"19/03/2026","USER_UPDATED","user","d1c3db65-ccfa-454e-aa7d-dbcf6521d625"
"19/03/2026","USER_UPDATED","user","d1c3db65-ccfa-454e-aa7d-dbcf6521d625"
"19/03/2026","USER_UPDATED","user","d1c3db65-ccfa-454e-aa7d-dbcf6521d625"
"19/03/2026","USER_UPDATED","user","d1c3db65-ccfa-454e-aa7d-dbcf6521d625"
"19/03/2026","USER_UPDATED","user","d1c3db65-ccfa-454e-aa7d-dbcf6521d625"
"19/03/2026","LOGIN_SUCCESS","auth","d1c3db65-ccfa-454e-aa7d-dbcf6521d625"
"19/03/2026","CONGE_REJECTED","conge","d1c3db65-ccfa-454e-aa7d-dbcf6521d625"
"19/03/2026","LOGIN_SUCCESS","auth","d1c3db65-ccfa-454e-aa7d-dbcf6521d625"
"19/03/2026","CONGE_APPROVED","conge","bc59468b-5f55-46b6-a2fc-21e8d7c9865f"
"19/03/2026","CONGE_CREATED","conge","bc59468b-5f55-46b6-a2fc-21e8d7c9865f"
"19/03/2026","LOGIN_SUCCESS","auth","bc59468b-5f55-46b6-a2fc-21e8d7c9865f"
"19/03/2026","LOGIN_SUCCESS","auth","d1c3db65-ccfa-454e-aa7d-dbcf6521d625"
"19/03/2026","LOGIN_SUCCESS","auth","bc59468b-5f55-46b6-a2fc-21e8d7c9865f"
"19/03/2026","CONGE_REJECTED","conge","d1c3db65-ccfa-454e-aa7d-dbcf6521d625"
"19/03/2026","USER_UPDATED","user","d1c3db65-ccfa-454e-aa7d-dbcf6521d625"
"19/03/2026","LOGIN_SUCCESS","auth","d1c3db65-ccfa-454e-aa7d-dbcf6521d625"
"19/03/2026","CONGE_CREATED","conge","bc59468b-5f55-46b6-a2fc-21e8d7c9865f"
"19/03/2026","entreprise_updated",,
"19/03/2026","entreprise_updated",,
"19/03/2026","entreprise_updated",,
"19/03/2026","entreprise_updated",,
"19/03/2026","entreprise_updated",,
"19/03/2026","CONGE_CREATED","conge","30933737-ccf2-4cf8-9e8d-6811fd8eaf3f"
"19/03/2026","entreprise_updated",,
"19/03/2026","CONGE_CREATED","conge","30933737-ccf2-4cf8-9e8d-6811fd8eaf3f"
"19/03/2026","CONGE_CREATED","conge","30933737-ccf2-4cf8-9e8d-6811fd8eaf3f"
"19/03/2026","LOGIN_SUCCESS","auth","bc59468b-5f55-46b6-a2fc-21e8d7c9865f"
"19/03/2026","LOGIN_SUCCESS","auth","d1c3db65-ccfa-454e-aa7d-dbcf6521d625"
"19/03/2026","LOGIN_SUCCESS","auth","bc59468b-5f55-46b6-a2fc-21e8d7c9865f"
"19/03/2026","entreprise_updated",,
"19/03/2026","CONGE_CREATED","conge","30933737-ccf2-4cf8-9e8d-6811fd8eaf3f"
"19/03/2026","entreprise_updated",,
"19/03/2026","entreprise_updated",,
"19/03/2026","CONGE_APPROVED","conge","d1c3db65-ccfa-454e-aa7d-dbcf6521d625"
"19/03/2026","LOGIN_SUCCESS","auth","d1c3db65-ccfa-454e-aa7d-dbcf6521d625"
"19/03/2026","CONGE_APPROVED","conge","bc59468b-5f55-46b6-a2fc-21e8d7c9865f"
"19/03/2026","CONGE_CREATED","conge","bc59468b-5f55-46b6-a2fc-21e8d7c9865f"
"19/03/2026","LOGIN_SUCCESS","auth","bc59468b-5f55-46b6-a2fc-21e8d7c9865f"
"19/03/2026","CONGE_REJECTED","conge","d1c3db65-ccfa-454e-aa7d-dbcf6521d625"
"19/03/2026","LOGIN_SUCCESS","auth","d1c3db65-ccfa-454e-aa7d-dbcf6521d625"
"19/03/2026","CONGE_APPROVED","conge","bc59468b-5f55-46b6-a2fc-21e8d7c9865f"
"19/03/2026","CONGE_CREATED","conge","bc59468b-5f55-46b6-a2fc-21e8d7c9865f"
"19/03/2026","CONGE_REJECTED","conge","bc59468b-5f55-46b6-a2fc-21e8d7c9865f"
"19/03/2026","CONGE_CREATED","conge","bc59468b-5f55-46b6-a2fc-21e8d7c9865f"
"19/03/2026","LOGIN_SUCCESS","auth","bc59468b-5f55-46b6-a2fc-21e8d7c9865f"
"19/03/2026","ENTREPRISE_UPDATED","entreprise","d1c3db65-ccfa-454e-aa7d-dbcf6521d625"
"19/03/2026","entreprise_updated",,"d1c3db65-ccfa-454e-aa7d-dbcf6521d625"
"19/03/2026","LOGIN_SUCCESS","auth","d1c3db65-ccfa-454e-aa7d-dbcf6521d625"
"19/03/2026","CONGE_REJECTED","conge","bc59468b-5f55-46b6-a2fc-21e8d7c9865f"
"19/03/2026","LOGIN_SUCCESS","auth","bc59468b-5f55-46b6-a2fc-21e8d7c9865f"
"19/03/2026","ENTREPRISE_UPDATED","entreprise","d1c3db65-ccfa-454e-aa7d-dbcf6521d625"
"19/03/2026","entreprise_updated",,"d1c3db65-ccfa-454e-aa7d-dbcf6521d625"
"19/03/2026","LOGIN_SUCCESS","auth","d1c3db65-ccfa-454e-aa7d-dbcf6521d625"
"19/03/2026","CONGE_CREATED","conge","bc59468b-5f55-46b6-a2fc-21e8d7c9865f"
"19/03/2026","CONGE_REJECTED","conge","bc59468b-5f55-46b6-a2fc-21e8d7c9865f"
"19/03/2026","CONGE_REJECTED","conge","bc59468b-5f55-46b6-a2fc-21e8d7c9865f"
"19/03/2026","CONGE_CREATED","conge","bc59468b-5f55-46b6-a2fc-21e8d7c9865f"
"19/03/2026","LOGIN_SUCCESS","auth","bc59468b-5f55-46b6-a2fc-21e8d7c9865f"
"19/03/2026","ENTREPRISE_UPDATED","entreprise","d1c3db65-ccfa-454e-aa7d-dbcf6521d625"
"19/03/2026","entreprise_updated",,
"19/03/2026","CONGE_CREATED","conge","30933737-ccf2-4cf8-9e8d-6811fd8eaf3f"
"19/03/2026","entreprise_updated",,
"19/03/2026","entreprise_updated",,
"19/03/2026","CONGE_CREATED","conge","30933737-ccf2-4cf8-9e8d-6811fd8eaf3f"
"19/03/2026","entreprise_updated",,
"19/03/2026","CONGE_CREATED","conge","30933737-ccf2-4cf8-9e8d-6811fd8eaf3f"
"19/03/2026","entreprise_updated",,
"19/03/2026","entreprise_updated",,
"19/03/2026","entreprise_updated",,
"19/03/2026","entreprise_updated",,
"19/03/2026","CONGE_CREATED","conge","30933737-ccf2-4cf8-9e8d-6811fd8eaf3f"
"19/03/2026","LOGIN_SUCCESS","auth","d1c3db65-ccfa-454e-aa7d-dbcf6521d625"
"19/03/2026","CONGE_REJECTED","conge","bc59468b-5f55-46b6-a2fc-21e8d7c9865f"
"19/03/2026","CONGE_REJECTED","conge","bc59468b-5f55-46b6-a2fc-21e8d7c9865f"
"19/03/2026","CONGE_CREATED","conge","bc59468b-5f55-46b6-a2fc-21e8d7c9865f"
"19/03/2026","LOGIN_SUCCESS","auth","bc59468b-5f55-46b6-a2fc-21e8d7c9865f"
"19/03/2026","CONGE_APPROVED","conge","d1c3db65-ccfa-454e-aa7d-dbcf6521d625"
"19/03/2026","CONGE_APPROVED","conge","d1c3db65-ccfa-454e-aa7d-dbcf6521d625"
"19/03/2026","LOGIN_SUCCESS","auth","d1c3db65-ccfa-454e-aa7d-dbcf6521d625"
"19/03/2026","CONGE_APPROVED","conge","bc59468b-5f55-46b6-a2fc-21e8d7c9865f"
"19/03/2026","CONGE_APPROVED","conge","bc59468b-5f55-46b6-a2fc-21e8d7c9865f"
"19/03/2026","CONGE_CREATED","conge","bc59468b-5f55-46b6-a2fc-21e8d7c9865f"
"19/03/2026","LOGIN_SUCCESS","auth","bc59468b-5f55-46b6-a2fc-21e8d7c9865f"
"19/03/2026","LOGIN_SUCCESS","auth","30933737-ccf2-4cf8-9e8d-6811fd8eaf3f"
"19/03/2026","LOGIN_SUCCESS","auth","bc59468b-5f55-46b6-a2fc-21e8d7c9865f"
"19/03/2026","ENTREPRISE_UPDATED","entreprise","d1c3db65-ccfa-454e-aa7d-dbcf6521d625"
"19/03/2026","LOGIN_SUCCESS","auth","d1c3db65-ccfa-454e-aa7d-dbcf6521d625"
"19/03/2026","LOGIN_SUCCESS","auth","bc59468b-5f55-46b6-a2fc-21e8d7c9865f"
"19/03/2026","USER_UPDATED","user","d1c3db65-ccfa-454e-aa7d-dbcf6521d625"
"19/03/2026","LOGIN_SUCCESS","auth","d1c3db65-ccfa-454e-aa7d-dbcf6521d625"
"19/03/2026","USER_CREATED","user","d1c3db65-ccfa-454e-aa7d-dbcf6521d625"
"19/03/2026","LOGIN_SUCCESS","auth","d1c3db65-ccfa-454e-aa7d-dbcf6521d625"
"19/03/2026","LOGIN_SUCCESS","auth","d1c3db65-ccfa-454e-aa7d-dbcf6521d625"
"19/03/2026","CONGE_CREATED","conge","30933737-ccf2-4cf8-9e8d-6811fd8eaf3f"
"19/03/2026","LOGIN_SUCCESS","auth","30933737-ccf2-4cf8-9e8d-6811fd8eaf3f"
"19/03/2026","ENTREPRISE_UPDATED","entreprise","d1c3db65-ccfa-454e-aa7d-dbcf6521d625"
"19/03/2026","LOGIN_SUCCESS","auth","d1c3db65-ccfa-454e-aa7d-dbcf6521d625"
"19/03/2026","LOGIN_SUCCESS","auth","30933737-ccf2-4cf8-9e8d-6811fd8eaf3f"
"19/03/2026","ENTREPRISE_UPDATED","entreprise","d1c3db65-ccfa-454e-aa7d-dbcf6521d625"
"19/03/2026","entreprise_updated",,"d1c3db65-ccfa-454e-aa7d-dbcf6521d625"
"19/03/2026","ENTREPRISE_UPDATED","entreprise","d1c3db65-ccfa-454e-aa7d-dbcf6521d625"
"19/03/2026","entreprise_updated",,"d1c3db65-ccfa-454e-aa7d-dbcf6521d625"
"19/03/2026","LOGIN_SUCCESS","auth","d1c3db65-ccfa-454e-aa7d-dbcf6521d625"
"19/03/2026","LOGIN_SUCCESS","auth","30933737-ccf2-4cf8-9e8d-6811fd8eaf3f"
"19/03/2026","LOGIN_SUCCESS","auth","d1c3db65-ccfa-454e-aa7d-dbcf6521d625"
"19/03/2026","LOGIN_SUCCESS","auth","30933737-ccf2-4cf8-9e8d-6811fd8eaf3f"
"19/03/2026","LOGIN_SUCCESS","auth","d1c3db65-ccfa-454e-aa7d-dbcf6521d625"
"19/03/2026","LOGIN_SUCCESS","auth","d1c3db65-ccfa-454e-aa7d-dbcf6521d625"
"19/03/2026","LOGIN_SUCCESS","auth","30933737-ccf2-4cf8-9e8d-6811fd8eaf3f"
"19/03/2026","USER_UPDATED","user","d1c3db65-ccfa-454e-aa7d-dbcf6521d625"
"19/03/2026","LOGIN_SUCCESS","auth","d1c3db65-ccfa-454e-aa7d-dbcf6521d625"
"19/03/2026","USER_CREATED","user","d1c3db65-ccfa-454e-aa7d-dbcf6521d625"
"19/03/2026","ENTREPRISE_UPDATED","entreprise","d1c3db65-ccfa-454e-aa7d-dbcf6521d625"
"19/03/2026","entreprise_updated",,"d1c3db65-ccfa-454e-aa7d-dbcf6521d625"
"19/03/2026","LOGIN_SUCCESS","auth","d1c3db65-ccfa-454e-aa7d-dbcf6521d625"
"19/03/2026","entreprise_created",,"aa1facad-5a21-497a-aef7-069eacf75602"